<site-list version="1">
  <site url="sso.ksr.local" comment="まありんオフィス">
    <compat-mode>Default</compat-mode>
    <open-in>IE11</open-in>
  </site>
  <site url="www.ma-rin.ksr.local" comment="まありんねっと">
    <compat-mode>Default</compat-mode>
    <open-in>IE11</open-in>
  </site>
  <site url="www.jimbase.ksr.local" comment="ジンベエ">
    <compat-mode>Default</compat-mode>
    <open-in>IE11</open-in>
  </site>
  <site url="psvlst01.ksr.local" comment="電子帳票">
    <compat-mode>Default</compat-mode>
    <open-in>IE11</open-in>
  </site>
  <site url="download.ksr.local" comment="様式データ">
    <compat-mode>Default</compat-mode>
    <open-in>IE11</open-in>
  </site>
  <site url="ods.datakaiji.ksr.local/Reports" comment="データ開示">
    <compat-mode>Default</compat-mode>
    <open-in>IE11</open-in>
  </site>
  <site url="www.cert.kyosuiren.or.jp" comment="SSL-VPN接続_証明書管理">
    <compat-mode>Default</compat-mode>
    <open-in>IE11</open-in>
  </site>
  <site url="www.git.kyosuiren.or.jp" comment="SSL-VPN接続_まありんオフィス">
    <compat-mode>Default</compat-mode>
    <open-in>IE11</open-in>
  </site>
  <site url="certificate:10100/certsrv" comment="証明書管理">
    <compat-mode>Default</compat-mode>
    <open-in>IE11</open-in>
  </site>
</site-list>

